product,rating,rating count,price,product url
Rejuvenate Dual System Outdoor Window Cleaner & House Siding Cleaner with Hose-End Attachment  ,4.0 out of 5 stars,566  ,24.98,https://amazon.com/gp/slredirect/picassoRedirect.html/ref=pa_sp_mtf_aps_sr_pg1_1?ie=UTF8&adId=A06576962TMDORHXEB71W&url=%2FRejuvenate-Outdoor-Cleaner-Hose-End-Attachment%2Fdp%2FB07FCRXK5X%2Fref%3Dsr_1_12_sspa%3Fkeywords%3Dzep%26qid%3D1664958307%26qu%3DeyJxc2MiOiI1LjcxIiwicXNhIjoiNS41MSIsInFzcCI6IjUuNjcifQ%253D%253D%26sr%3D8-12-spons%26psc%3D1&qualifier=1664958307&id=7685012911707275&widgetName=sp_mtf
Rejuvenate Dual System Outdoor Window Cleaner & House Siding Cleaner with Hose-End Attachment  ,4.0 out of 5 stars,566  ,24.98,https://amazon.com/gp/slredirect/picassoRedirect.html/ref=pa_sp_atf_next_aps_sr_pg2_1?ie=UTF8&adId=A06576962TMDORHXEB71W&url=%2FRejuvenate-Outdoor-Cleaner-Hose-End-Attachment%2Fdp%2FB07FCRXK5X%2Fref%3Dsr_1_17_sspa%3Fkeywords%3Dzep%26qid%3D1664958310%26qu%3DeyJxc2MiOiI1LjcxIiwicXNhIjoiNS41MSIsInFzcCI6IjUuNjcifQ%253D%253D%26sr%3D8-17-spons%26psc%3D1&qualifier=1664958310&id=724396322801674&widgetName=sp_atf_next
"Fabuloso All Purpose Cleaner, Lemon, Bathroom Cleaner, Toilet Cleaner, Floor Cleaner, Shower and Glass Cleaner, Mop Cleanser, Kitchen Pots and Pans Degreaser, 128oz (Pack of 4) (US06531A)  ",4.8 out of 5 stars,"4,335  ",46.02,https://amazon.com/gp/slredirect/picassoRedirect.html/ref=pa_sp_atf_next_aps_sr_pg2_1?ie=UTF8&adId=A0899561WX146G7DTQLD&url=%2FFABULOSO-Bathroom-Cleanser-Degreaser-US06531A%2Fdp%2FB086X85JW1%2Fref%3Dsr_1_18_sspa%3Fkeywords%3Dzep%26qid%3D1664958310%26qu%3DeyJxc2MiOiI1LjcxIiwicXNhIjoiNS41MSIsInFzcCI6IjUuNjcifQ%253D%253D%26sr%3D8-18-spons%26psc%3D1&qualifier=1664958310&id=724396322801674&widgetName=sp_atf_next
"Zep, 48Oz, Industrial Size Trigger, Professional Sprayer, for Use with Household & Commercial Cleaners. C32810  ",4.3 out of 5 stars,144  ,5.99,https://amazon.com/Zep-Industrial-Professional-Household-Commercial/dp/B0842WZ8ZB/ref=sr_1_21?keywords=zep&qid=1664958310&qu=eyJxc2MiOiI1LjcxIiwicXNhIjoiNS41MSIsInFzcCI6IjUuNjcifQ%3D%3D&sr=8-21
Zep ZUAIR32 Air and Fabric Odor Eliminator 32 oz  ,4.5 out of 5 stars,237  ,14.44,https://amazon.com/Enforcer-Products-ZUAIR32-FBRC-ELMNTR/dp/B07FT5RYGF/ref=sr_1_23?keywords=zep&qid=1664958310&qu=eyJxc2MiOiI1LjcxIiwicXNhIjoiNS41MSIsInFzcCI6IjUuNjcifQ%3D%3D&sr=8-23
"FABULOSO Professional All Purpose Cleaner & Degreaser, Lemon, Concentrated Formula, Bathroom Cleaner, Toilet Cleaner, Floor Cleaner, 4 Gallons Total (128oz | Case of 4)  ",4.4 out of 5 stars,93  ,52.99,https://amazon.com/gp/slredirect/picassoRedirect.html/ref=pa_sp_mtf_aps_sr_pg2_1?ie=UTF8&adId=A04488721JTAT91XIFQWC&url=%2FFABULOSO-US06969A-Professional-Purpose-Cleaner-Degreaser%2Fdp%2FB08KY8S8BD%2Fref%3Dsr_1_27_sspa%3Fkeywords%3Dzep%26qid%3D1664958310%26qu%3DeyJxc2MiOiI1LjcxIiwicXNhIjoiNS41MSIsInFzcCI6IjUuNjcifQ%253D%253D%26sr%3D8-27-spons%26psc%3D1&qualifier=1664958310&id=724396322801674&widgetName=sp_mtf
"Scott Shop Towels Original (75190), Blue, Pop-Up Dispenser Box, 200 Towels/Box, 8 Boxes/Case, 1,600 Towels/Case  ",4.6 out of 5 stars,461  ,122.39,https://amazon.com/Towels-Original-Pop-Up-Dispenser-Sheets/dp/B008CGX4AW/ref=sr_1_31?keywords=zep&qid=1664958310&qu=eyJxc2MiOiI1LjcxIiwicXNhIjoiNS41MSIsInFzcCI6IjUuNjcifQ%3D%3D&sr=8-31
"Clorox ToiletWand Disposable Toilet Cleaning System - ToiletWand, Storage Caddy and 6 Disinfecting ToiletWand Refill Heads (Packaging May Vary) (03191)  ",4.7 out of 5 stars,"52,343  ",10.69,https://amazon.com/Clorox-ToiletWand-Disposable-Toilet-Cleaning/dp/B0010B5EQS/ref=sr_1_32?keywords=zep&qid=1664958310&qu=eyJxc2MiOiI1LjcxIiwicXNhIjoiNS41MSIsInFzcCI6IjUuNjcifQ%3D%3D&sr=8-32
"Fabuloso All Purpose Cleaner, Lemon, Bathroom Cleaner, Toilet Cleaner, Floor Cleaner, Shower and Glass Cleaner, Mop Cleanser, Kitchen Pots and Pans Degreaser, 128oz (Pack of 4) (US06531A)  ",4.8 out of 5 stars,"4,335  ",46.02,https://amazon.com/FABULOSO-Bathroom-Cleanser-Degreaser-US06531A/dp/B086X85JW1/ref=sr_1_33?keywords=zep&qid=1664958310&qu=eyJxc2MiOiI1LjcxIiwicXNhIjoiNS41MSIsInFzcCI6IjUuNjcifQ%3D%3D&sr=8-33
Rejuvenate Dual System Outdoor Window Cleaner & House Siding Cleaner with Hose-End Attachment  ,4.0 out of 5 stars,566  ,24.98,https://amazon.com/gp/slredirect/picassoRedirect.html/ref=pa_sp_atf_next_aps_sr_pg3_1?ie=UTF8&adId=A06576962TMDORHXEB71W&url=%2FRejuvenate-Outdoor-Cleaner-Hose-End-Attachment%2Fdp%2FB07FCRXK5X%2Fref%3Dsr_1_33_sspa%3Fkeywords%3Dzep%26qid%3D1664958315%26qu%3DeyJxc2MiOiI1LjcxIiwicXNhIjoiNS41MSIsInFzcCI6IjUuNjcifQ%253D%253D%26sr%3D8-33-spons%26psc%3D1&qualifier=1664958315&id=2025828173714008&widgetName=sp_atf_next
"FABULOSO Professional All Purpose Cleaner & Degreaser, Lemon, Concentrated Formula, Bathroom Cleaner, Toilet Cleaner, Floor Cleaner, 4 Gallons Total (128oz | Case of 4)  ",4.4 out of 5 stars,93  ,52.99,https://amazon.com/gp/slredirect/picassoRedirect.html/ref=pa_sp_atf_next_aps_sr_pg3_1?ie=UTF8&adId=A04488721JTAT91XIFQWC&url=%2FFABULOSO-US06969A-Professional-Purpose-Cleaner-Degreaser%2Fdp%2FB08KY8S8BD%2Fref%3Dsr_1_34_sspa%3Fkeywords%3Dzep%26qid%3D1664958315%26qu%3DeyJxc2MiOiI1LjcxIiwicXNhIjoiNS41MSIsInFzcCI6IjUuNjcifQ%253D%253D%26sr%3D8-34-spons%26psc%3D1&qualifier=1664958315&id=2025828173714008&widgetName=sp_atf_next
"ZEP PROFESSIONAL, 600101, D4000 - HD CLASSIC DISPENSER (FOR SQUARE GALLON)  ",4.8 out of 5 stars,24  ,46.47,https://amazon.com/HD-CLASSIC-DISPENSER-SQUARE-GALLON/dp/B07P92W3R1/ref=sr_1_37?keywords=zep&qid=1664958315&qu=eyJxc2MiOiI1LjcxIiwicXNhIjoiNS41MSIsInFzcCI6IjUuNjcifQ%3D%3D&sr=8-37
"Zep Industrial Sprayer Bottle - 48 Ounces (Case of 8) C32810 - Up to 30 Foot Spray, Adjustable Nozzle  ",3.8 out of 5 stars,35  ,59.99,https://amazon.com/Zep-Industrial-Sprayer-Bottle-Adjustable/dp/B08S8W9H3R/ref=sr_1_38?keywords=zep&qid=1664958315&qu=eyJxc2MiOiI1LjcxIiwicXNhIjoiNS41MSIsInFzcCI6IjUuNjcifQ%3D%3D&sr=8-38
Zep Professional Antimicrobial Hand Soap  ,3.8 out of 5 stars,7  ,7.41,https://amazon.com/Zep-Professional-Antimicrobial-Hand-Soap/dp/B08XZRYX5W/ref=sr_1_46?keywords=zep&qid=1664958315&qu=eyJxc2MiOiI1LjcxIiwicXNhIjoiNS41MSIsInFzcCI6IjUuNjcifQ%3D%3D&sr=8-46
Rejuvenate Dual System Outdoor Window Cleaner & House Siding Cleaner with Hose-End Attachment  ,4.0 out of 5 stars,566  ,24.98,https://amazon.com/gp/slredirect/picassoRedirect.html/ref=pa_sp_atf_next_aps_sr_pg4_1?ie=UTF8&adId=A06576962TMDORHXEB71W&url=%2FRejuvenate-Outdoor-Cleaner-Hose-End-Attachment%2Fdp%2FB07FCRXK5X%2Fref%3Dsr_1_49_sspa%3Fkeywords%3Dzep%26qid%3D1664958318%26qu%3DeyJxc2MiOiI1LjcxIiwicXNhIjoiNS41MSIsInFzcCI6IjUuNjcifQ%253D%253D%26sr%3D8-49-spons%26psc%3D1&qualifier=1664958318&id=7215101909669031&widgetName=sp_atf_next
"FABULOSO Professional All Purpose Cleaner & Degreaser, Lemon, Concentrated Formula, Bathroom Cleaner, Toilet Cleaner, Floor Cleaner, 4 Gallons Total (128oz | Case of 4)  ",4.4 out of 5 stars,93  ,52.99,https://amazon.com/gp/slredirect/picassoRedirect.html/ref=pa_sp_atf_next_aps_sr_pg4_1?ie=UTF8&adId=A04488721JTAT91XIFQWC&url=%2FFABULOSO-US06969A-Professional-Purpose-Cleaner-Degreaser%2Fdp%2FB08KY8S8BD%2Fref%3Dsr_1_50_sspa%3Fkeywords%3Dzep%26qid%3D1664958318%26qu%3DeyJxc2MiOiI1LjcxIiwicXNhIjoiNS41MSIsInFzcCI6IjUuNjcifQ%253D%253D%26sr%3D8-50-spons%26psc%3D1&qualifier=1664958318&id=7215101909669031&widgetName=sp_atf_next
"Zep, 48Oz, Industrial Size Trigger, Professional Sprayer, for Use with Household & Commercial Cleaners. C32810  ",4.3 out of 5 stars,144  ,5.99,https://amazon.com/Zep-Industrial-Professional-Household-Commercial/dp/B0842WZ8ZB/ref=sr_1_51?keywords=zep&qid=1664958318&qu=eyJxc2MiOiI1LjcxIiwicXNhIjoiNS41MSIsInFzcCI6IjUuNjcifQ%3D%3D&sr=8-51
Zep Instant Hand Sanitizer Gel 70% Alcohol - 1 Gallon (Case of 4) ECZUIHSG128 - Pump Included - Exceeds CDC Guidelines - Kills 99.99% of germs  ,4.5 out of 5 stars,33  ,79.99,https://amazon.com/Zep-Instant-Sanitizer-Alcohol-Gallon/dp/B08KFF6XDR/ref=sr_1_53?keywords=zep&qid=1664958318&qu=eyJxc2MiOiI1LjcxIiwicXNhIjoiNS41MSIsInFzcCI6IjUuNjcifQ%3D%3D&sr=8-53
"Zep Industrial Sprayer Bottle - 48 Ounces (Case of 8) C32810 - Up to 30 Foot Spray, Adjustable Nozzle  ",3.8 out of 5 stars,35  ,59.99,https://amazon.com/Zep-Industrial-Sprayer-Bottle-Adjustable/dp/B08S8W9H3R/ref=sr_1_56?keywords=zep&qid=1664958318&qu=eyJxc2MiOiI1LjcxIiwicXNhIjoiNS41MSIsInFzcCI6IjUuNjcifQ%3D%3D&sr=8-56
Zep Professional Antimicrobial Hand Soap  ,3.8 out of 5 stars,7  ,7.41,https://amazon.com/Zep-Professional-Antimicrobial-Hand-Soap/dp/B08XZRYX5W/ref=sr_1_58?keywords=zep&qid=1664958318&qu=eyJxc2MiOiI1LjcxIiwicXNhIjoiNS41MSIsInFzcCI6IjUuNjcifQ%3D%3D&sr=8-58
"ZEP PROFESSIONAL, 600101, D4000 - HD CLASSIC DISPENSER (FOR SQUARE GALLON)  ",4.8 out of 5 stars,24  ,46.47,https://amazon.com/HD-CLASSIC-DISPENSER-SQUARE-GALLON/dp/B07P92W3R1/ref=sr_1_62?keywords=zep&qid=1664958318&qu=eyJxc2MiOiI1LjcxIiwicXNhIjoiNS41MSIsInFzcCI6IjUuNjcifQ%3D%3D&sr=8-62
